ride_id,start_lat,start_lng,end_lat,end_lng
6005EB025A99F3C7,38.812351,-77.040691,38.811456,-77.050276
73D2C3EFA605244E,38.814577,-77.052808,38.814577,-77.052808
38010DCD4908D275,38.892275,-77.013917,38.888255,-77.049437
A838028B8D96AC3B,38.92940983333333,-77.0278065,38.93,-77.03
7C2DFEE02133A42B,38.910674,-77.03188,38.916787,-77.028139
1965400A8B3F29B0,38.922649,-77.077271,38.922649,-77.077271
6C430E5CCEBBE072,38.88044,-77.025236,38.865553,-77.05003
F78111A30C1645AD,38.93,-77.03,38.89485833333333,-76.98774116666667
4DED4480AA9A4320,38.886952,-76.996806,38.8803,-76.9862
36405596A4DFC19E,38.888774,-77.028694,38.888774,-77.028694
963F9D2A75896FA0,38.90864,-77.02277,38.90733256111448,-77.01536044478416
801CAD608879448B,38.915544,-77.038252,38.9155,-77.0222
EF063CF8F17B2923,38.9190185,-77.034449,38.905469714943266,-77.0021304488182
657E43F3DB9B7A9A,38.892934,-76.998273,38.8840581,-76.9863852
8F12C6D98313353B,38.9053125,-77.05008716666667,38.9,-77.05
B42B5D5EFD129891,38.8923,-77.0436,38.8923,-77.0436
54C8FBE4ECC90584,38.92616983333333,-77.03541483333333,38.894883,-76.99578116666666
9386C61B3F6FC70F,38.905469714943266,-77.0021304488182,38.899941626884754,-76.99489653110504
7C5FB5DB78AD5CC7,38.90375983333333,-77.06270466666666,38.8789045,-77.00641333333333
9E1794FB398581D8,38.928552,-77.032224,38.923389,-77.051833
8F8D76BE931C8831,38.91815066666667,-77.04530016666666,38.9181005,-77.045405
8838F4E388983678,38.92,-77.03,38.91786066666667,-77.03195433333333
AE6BF431DC4F3BCD,38.894832,-76.987633,38.88412,-77.017445
3535776A3CA3A86B,38.9154155,-77.01217966666667,38.8905565,-77.0169325
E294284C2A3DA496,38.888774,-77.028694,38.8904955,-77.0172465
32D5C2CC38B6EC0A,38.905097,-76.99440666666666,38.9,-76.99
0820A83C3E239E06,38.85740496261504,-77.05113172531128,38.862303,-77.059936
27151E655C0BEF12,38.93,-77.04,38.93,-77.03
CC921FF09BE93D39,38.8923,-77.0436,38.8923,-77.0436
4633E33D6B4AF746,38.8803,-76.9862,38.871841,-77.00591
43B483AB2A1AA803,38.912659,-77.017669,38.895914,-77.026064
28B0C156CF7A35EC,38.928893,-77.03625,38.917761,-77.04062
6F4FD8AAD80CEC14,38.850335,-77.10099,38.847121666666666,-77.1125775
A5C60EF1190E00BA,38.90042673988099,-76.98825001716614,38.899983,-76.991383
B003AE6730B39141,38.9101,-77.0444,38.902314,-77.059142
C8502FC54C38C5AD,38.905579,-77.027313,38.917622,-77.01597
1D4B902681C36BFF,38.86,-77.05,38.86,-77.05
38A2D302629DF220,38.893511,-77.041544,38.893511,-77.041544
C4C4A70B4B7A0268,38.90304,-77.019027,38.9059,-77.0325
6A199A50983EEC50,38.89903234416315,-77.03335404396057,38.876697,-77.0178975
1872D8DA83F8E383,38.9142043187298,-77.0221745967865,38.899408,-77.015289
845BB52DF87777F3,38.899408,-77.015289,38.899408,-77.015289
ADCE8BC2DAAA8BB3,38.96758116666667,-77.02802583333333,38.878833,-77.02300416666667
EB859132E5E4A12F,38.862626166666665,-77.05440483333334,38.850760666666666,-77.0514705
2050C9D1EF24F379,38.895914,-77.026064,38.89968,-77.041539
870FE2F87168EB23,38.897446,-77.009888,38.90240556584194,-77.01600551605225
A8D9DC2688B6F4BC,38.8885525,-77.032427,38.890539,-77.049383
B40819649D5E0E58,38.896544,-76.96012,38.896544,-76.96012
FB04B12F21BC257B,38.922649,-77.077271,38.916442,-77.0682
3A072987015A9368,38.886952,-76.996806,38.8963,-77.045
63624723A15FD235,38.89696,-77.00493,38.889988,-76.995193
E45BCFAA3A786FD0,38.928552,-77.032224,38.94796174822241,-77.02154964208603
B5BB7505E6DABF2D,38.905579,-77.027313,38.912644,-77.04564
66602C837F3418BF,38.90864,-77.02277,38.9086,-77.0323
02152069360385AE,38.9121,-77.0387,38.9121,-77.0387
D1F7B76959D5609A,38.99495733333333,-77.02949366666667,39.000471,-77.00073466666667
02EA1545434C95C9,38.90849,-77.063586,38.90774,-77.071652
6CB43AF203028ED7,38.890496,-77.017247,38.888097,-77.038325
D7799B80EFA3A996,38.90071062547463,-77.04644858837128,38.915417,-77.012289
811D7F7D277CB8A4,38.88,-77.01,38.9,-77.05
E6693710B679D6ED,38.920669,-77.04368,38.902314,-77.0591415
4AE825B075A32224,38.90273216425078,-76.99514991079923,38.90304,-77.019027
517C0B97646F0CC9,38.865029,-77.039511,38.878693599396954,-77.02305436134338
11111E41AE0E8035,38.905303,-77.050264,38.892441,-77.048947
B276767502B7DE14,38.915486,-77.022137,38.90052083333333,-76.9828795
6B45AD3816107EDE,38.905424,-77.034674,38.9142043187298,-77.0221745967865
08A272F22ABF5EE3,38.845028,-77.051956,38.848466,-77.051514
C54FD7334AC8431C,38.878854378063295,-77.00572729110718,38.878693599396954,-77.02305436134338
037ECD128FE04B91,38.916787,-77.028139,38.9055785,-77.027313
A8FA945F2CD0F08F,38.88368583333333,-77.1138825,38.89331116666666,-77.0767385
448F723783C68FD4,38.908905,-77.04478,38.903827,-77.053485
80A498D0DADD31AE,38.890612,-77.084801,38.902826,-77.060173
0898BCC9F9FBF7EF,38.920669,-77.04368,38.9101,-77.0444
785073B4D61F46FB,38.9256575,-77.02710866666666,38.90274016666667,-77.0215155
EBAF6140001B5D20,38.915544,-77.038252,38.915544,-77.038252
215D267D2815D505,38.90088,-77.048911,38.90071062547463,-77.04644858837128
101C58E090673D4A,38.89,-77.05,38.9,-77.06
BD0AC770282E69B0,38.804718,-77.043363,38.804718,-77.043363
3B870769A305F147,38.955349,-76.968084,38.955349,-76.968084
DCF5CE61F9DFEAAD,38.917761,-77.04062,38.905126,-77.056887
E42D0BD9E920FBB0,38.862635833333336,-77.05446266666667,38.91,-77.07
75057F8B89BA67EF,38.921074,-77.031887,38.9190185,-77.034449
C229EBFFF1609304,38.894832,-76.987633,38.902,-77.03353
05FAA5832BD198BD,38.86968314861632,-77.01081544160843,38.8885525,-77.032427
1553AF257FB64CC8,38.91,-77.05,38.91,-77.04
039D53F1E02E818E,38.88637194054526,-77.01770067214966,38.89646474748647,-77.0333808660507
7026E909A94122A3,38.920682,-76.995876,38.882489,-76.990121
A9E13D7EEF625EA8,38.90304,-77.019027,38.879819,-77.037413
59B7C23F65A94824,38.90375,-77.06269,38.89892546716842,-77.04885238395946
E7E4712C0D5CAE1E,38.905424,-77.034674,38.934267,-77.057979
BB8D5FDA5EE8A6A3,38.915372833333336,-77.01223116666667,38.937332833333336,-77.03283216666667
0CEB71DF6602B709,38.916442,-77.0682,38.922581,-77.070334
FCC1883E04FD6887,38.87,-76.98,38.86936016666667,-76.97856933333334
A4F5FBDA9E1D0493,38.9230285,-77.04253166666666,38.930418333333336,-77.055649
5EE4A34617452184,38.881185,-77.001828,38.871841,-77.00591
D0F4A6575D78C6B7,38.9037315,-77.0675285,38.890539,-77.049383
9AA58926583AACA9,38.924180666666665,-77.04068366666667,38.96,-77.07
B3224339D0E2E4E1,38.95,-77.02,38.9373925,-77.03281083333333
C9FDCAFB392B1B15,38.955016,-77.069956,38.905126,-77.056887
E7DEA564E2887B42,38.9101,-77.0444,38.897315,-77.070993
EFCC1AF68DD5296C,38.84,-77.0,38.85,-76.99
89AAC771BA818FFC,38.895914,-77.026064,38.9086,-77.0323
06CFF85B720E6595,38.879819,-77.037413,38.88044,-77.025236
D5E5519131F13AE4,38.896465,-77.033381,38.890496,-77.017247
1FBCA476EED6034D,38.88405866666667,-77.04643816666666,38.888268,-77.04943316666666
D60C3C58E34847E7,38.886978,-77.013769,38.8803,-76.9862
0878253B2E70EE8B,38.903281166666666,-77.04501233333333,38.90312083333333,-77.01928066666666
4C5B965C0DF961C1,38.907908,-76.99707,38.90293157359119,-76.99840486049652
F60BCE008F34215D,38.888255,-77.0494365,38.865029,-77.039511
12FBF9A363D149F7,38.981103,-77.097426,38.983525,-77.095367
6C2B4B9D8093E4D0,38.862753,-77.05428,38.856425,-77.049232
BC8323B506D65D1D,38.912659,-77.017669,38.905737,-77.02227
1EE6265A239A048D,38.90273216425078,-76.99514991079923,38.900413,-76.982872
08709964025D5A2B,38.890539,-77.049383,38.905711,-77.047318
8AA584BA4AF672BC,38.879819,-77.037413,38.888255,-77.049437
28D557DF7B12B18E,38.88412,-77.04657,38.888553,-77.032427
2C8B0B1E3C7700A9,38.90864,-77.02277,38.918809,-77.041571
B5359C448BE42E8C,38.8999685,-76.991381,38.91906733333333,-77.00061016666666
9B675D50859A6AE2,38.9366839345886,-77.02418088912964,38.942475355602845,-77.03267812728882
158DCB05AA0C0F9F,38.9190185,-77.034449,38.909394,-77.048728
B12CBA0077D95406,38.932128,-77.0235,38.908905,-77.04478
0644F8372EC7A405,38.88,-77.04,38.89,-77.09
84C3EAC026AA165E,38.9086,-77.0323,38.898282949523605,-77.03973233699799
23243EC422842D1F,38.93,-77.03,38.93,-77.03
CCCA4DA7D8A92ABA,38.900283,-77.029822,38.908142,-77.038359
3B398A9F4F750B48,38.897274,-76.994749,38.889988,-76.995193
91A8109B5B6329E1,38.905737,-77.02227,38.9101,-77.0444
2AF693DDF6265962,38.93,-77.02,38.92,-77.03
93E7ACCED9731EDD,38.811456,-77.050276,38.804718,-77.043363
C0ABB8062F5E6172,38.8885525,-77.032427,38.8904955,-77.0172465
79C1DC48BD972ABE,38.91,-77.04,38.929547166666666,-77.02790116666667
69CBE6E5A96B1D54,38.925159,-77.03226183333334,38.91266683333333,-77.04181616666666
BFAE3998F4FF9BBA,38.8,-77.06,38.8,-77.07
02C8A42278F8AEF9,38.876658666666664,-77.017863,38.89486,-76.98748616666667
DE04A12DFFBCEC6E,38.890539,-77.049383,38.890539,-77.049383
EF8DB324AB5DEB67,38.88637194054526,-77.01770067214966,38.885908,-76.991476
D0E403A094BA2E03,38.876823,-77.002161,38.89824328774852,-77.02623546123505
B5ACFCC1F9FE0493,38.888774,-77.028694,38.8904955,-77.0172465
4706A24EB7D32A15,38.8885525,-77.032427,38.88044,-77.025236
0346E57ACDA53DF9,38.8895895,-76.97690883333334,38.87315616666667,-76.97103366666667
D705DC76A430F6FA,38.92,-77.04,38.91880883333333,-77.0415415
12CDBA8250BC0BC5,38.88044,-77.025236,38.888774,-77.028694
FF04069AB02860BD,38.90088,-77.048911,38.90088,-77.048911
B67B5711CEADF3EE,38.878693599396954,-77.02305436134338,38.8997,-77.023086
C734713EC7D7ECE5,38.917622,-77.01597,38.920682,-76.995876
775940EEE10E150C,38.88815,-77.03836083333333,38.88830866666667,-77.04941716666667
675998C0A903DBCF,38.873755,-77.089233,38.908905,-77.04478
90E364D2A3218F51,38.928893,-77.03625,38.928552,-77.032224
D968708698F30E6C,38.9319,-77.0388,38.928552,-77.032224
66AD73263C740461,38.890612,-77.084801,38.894941,-77.09169
27AECB871D7458B7,38.969581,-76.937349,38.95548,-76.940133
667FC61BE9644AD3,38.90774,-77.071652,38.901755,-77.051084
A9D2FCD82EFE29D5,38.8904955,-77.0172465,38.889988,-76.995193
EA2EF7676456D46E,38.9037315,-77.0675285,38.9037315,-77.0675285
5B708799C507996C,38.990249,-77.02935,38.989724,-77.023854
5E52AD5A8BCD87EC,38.905996,-77.039802,38.912659,-77.017669
E9112BD9E9553DAA,38.889908,-76.983326,38.8840581,-76.9863852
B96F19FA96923A11,38.884916,-77.005965,38.8904955,-77.0172465
B818AC5544255DD0,38.93195633333333,-77.03874866666666,38.91,-77.03
BDE5C6A8E79CFE76,38.96457233333334,-77.0751525,38.95834083333333,-77.084643
B6255721EF79FAB2,38.8880905,-77.09303666666666,38.890561166666664,-77.08524483333333
7FC84F8B9C5DC406,38.878854378063295,-77.00572729110718,38.879819,-77.037413
5ECB1AC459400B68,38.9055785,-77.027313,38.925636,-77.027112
E2ACC56D053A805F,38.89222,-76.99602,38.899941626884754,-76.99489653110504
88C1CC4E4AA13A08,38.890539,-77.049383,38.888255,-77.0494365
249920D2D5EB837C,38.88397,-77.10783,38.896456,-77.104562
CABC10B2F746FE5F,38.92,-77.0,38.8999005,-76.99849333333333
E33D144420B0B4D4,38.905737,-77.02227,38.905469714943266,-77.0021304488182
8B269244D583820C,38.915544,-77.038252,38.913761,-77.027025
EF8D66B21F1D2F84,38.915604,-76.983683,38.90509,-76.9941
812423F0290A1A88,38.910674,-77.03188,38.893028,-77.026013
D7E110DFB20C6781,38.9190185,-77.034449,38.888774,-77.028694
12810CB700DD350E,38.938736,-77.087171,38.923389,-77.051833
DD23C23F19820766,38.9319,-77.0388,38.923583,-77.050046
7103DCE1EF80EC9B,38.93201583333333,-77.023491,38.9155685,-77.03814633333333
3B8DC81F1C14136F,38.9190185,-77.034449,38.92812111132096,-77.0237946510315
42AD2635F42D14FA,38.949008,-77.355299,38.949008,-77.355299
0C8745B4C4B5A7AE,38.907972,-76.99704766666666,38.91264816666666,-76.97208466666666
71CF17D5A25EEFE2,38.908591666666666,-77.03226333333333,38.9,-77.02
BAD6ED86671CFC26,38.88432272414662,-77.02601015567778,38.88432272414662,-77.02601015567778
C1E6AE62A139C63E,38.890612,-77.084801,38.890612,-77.084801
897AB30B6809FDE1,38.9286095,-77.03233266666666,38.92565066666667,-77.02715066666667
1D5692DABCE375A4,38.918999,-77.03454166666667,38.917651666666664,-77.0160385
2216973AB20CD74F,38.90093,-77.018677,38.900358,-77.012108
451F0549031CF68A,38.89903234416315,-77.03335404396057,38.888097,-77.038325
6BA43B4C7278D9D5,38.92,-77.04,38.92,-77.04
023B7AD0924F5B56,38.8997,-77.023086,38.9059,-77.0325
A59AE7DC35CF6622,38.9155,-77.0222,38.912652,-77.036278
DCB923FF98FFCAB7,38.9121,-77.0387,38.902,-77.03353
2C75B32860D46953,38.905697,-77.005483,38.9055785,-77.027313
85D9477DCB4B4450,38.878433,-77.03023,38.878433,-77.03023
FF21458C6387009B,38.8995,-77.054155,38.917761,-77.04062
2CD34C84C3B3C783,38.874203,-77.005736,38.87507983333333,-77.00264483333333
144B10392C35B086,38.892275,-77.013917,38.8962260397813,-76.99278563261032
6CF3936B8501E259,38.905067,-77.041779,38.894722,-77.045128
FFE5DB9DF4FEE46E,38.8995,-77.054155,38.916442,-77.0682
7F0CF8EE731CFC86,38.928552,-77.032224,38.928552,-77.032224
7ADCFFDDBB314123,38.878771,-76.97093,38.89595455700754,-76.9678448436025
480870513B415104,38.893438,-77.076389,38.9055785,-77.027313
56986CCC77F6C405,38.9,-77.03,38.9,-77.03
B8CC74644DB6C5A4,38.932514,-76.992889,38.9177645,-77.032096
F7C5125CCBFD2019,38.8885525,-77.032427,38.876697,-77.0178975
52F44ECE9AF3D7D1,38.913046,-77.032008,38.903741,-77.042452
827FBBA9FBFF570A,38.9,-77.03,38.996873,-77.0253255
63F7834874640EB1,38.913046,-77.032008,38.912644,-77.04564
86D1CA3DFDE8854E,38.905697,-77.005483,38.900412,-77.001949
BC1BF1F8EE8683D5,38.888097,-77.038325,38.888097,-77.038325
72017FE556BC0213,38.9059,-77.0325,38.90506687455313,-77.04177886247635
E50760F5E9C2822E,38.903584,-77.044789,38.9003,-77.0429
67C925D261D29988,38.881185,-77.001828,38.902386,-77.005649
11C36EA5B0A8BEF2,38.9155,-77.0222,38.9319,-77.0388
DD66545C48270881,38.888553,-77.032427,38.890539,-77.049383
024FF3C8B32AB569,38.8923,-77.0436,38.915544,-77.038252
69BD5980E0F01A81,38.88992,-77.071301,38.88992,-77.071301
86BB94828C78AC61,38.902314,-77.0591415,38.923203,-77.047637
57B39025FD5C5144,38.888097,-77.038325,38.888097,-77.038325
B35136AAC740235A,38.94113915653008,-77.061977237463,38.944551,-77.063896
B0B39333B92AA3EA,38.900358,-77.012108,38.910972,-77.00495
2BDA9D70F5FA1CA5,38.89557083333333,-77.01599733333333,38.8998895,-76.99844133333333
9437B98E6076A7BA,38.90240556584194,-77.01600551605225,38.914751108831155,-77.00356006622314
12F55C2B478CEE04,38.92401533333334,-77.00209766666667,38.903776,-76.987335
C16ABC811ADB20BC,38.878693599396954,-77.02305436134338,38.88412,-77.017445
EC9F57C0F3EF5AEA,38.905711,-77.047318,38.902314,-77.059142
8674E9B50571B166,38.890539,-77.049383,38.888553,-77.032427
0B35E5E3B5686FF8,38.904727,-77.041698,38.904821166666665,-77.04169583333334
2728C0595F222F0D,38.905469714943266,-77.0021304488182,38.899972,-76.998347
77F60650BBD3E5CD,38.856425,-77.049232,38.897315,-77.070993
7FD894D3EC22A480,38.793065,-77.049436,38.801947,-77.040293
B9B8C776D6C5C474,38.8963,-77.045,38.903827,-77.053485
2CBD51A728B68313,38.890539,-77.049383,38.932128,-77.0235
AC6007833372F16B,38.869442,-77.104503,38.880012,-77.107854
35D42C8AD4291397,38.90375,-77.06269,38.901755,-77.051084
CAFA20AE86409342,38.878854378063295,-77.00572729110718,38.881123,-77.017658
F207B33EBB365E91,38.9024,-77.02622,38.916787,-77.028139
7EC9DC7BAFBA7861,38.8904955,-77.0172465,38.9,-77.03
13A18B62137722FB,38.9037315,-77.0675285,38.9037315,-77.0675285
724F791DCF09686F,38.90864,-77.02277,38.88637194054526,-77.01770067214966
849E892D4D3BC139,38.903827,-77.053485,38.89967,-77.003666
7FFED275E46BCC86,38.905737,-77.02227,38.925636,-77.027112
C69A9E603B5BB690,38.909394,-77.048728,38.903649,-77.034918
3A2EDEB582F8DE64,38.88041533333333,-77.02513833333333,38.86377316666667,-77.01375966666667
8A44EFF97B23B870,38.90088,-77.048911,38.905303,-77.050264
243F091E7FA9D221,38.894972,-77.003135,38.879819,-77.037413
5E84DF89FBBF779B,38.910674,-77.03188,38.88992,-77.071301
2435E0291CA71B08,38.886952,-76.996806,38.897274,-76.994749
049CBF7875F1FF99,38.912652,-77.036278,38.9154,-77.0446
CE131900CF234BE9,38.90150383333334,-77.046811,38.893588666666666,-77.0413615
12143111129CE4D3,38.829545,-77.047844,38.812351,-77.040691
E851140F619CF97E,38.92,-77.05,38.93420233333333,-77.03279983333333
703654206CD3D998,38.829545,-77.047844,38.812351,-77.040691
6171478C77BB6076,38.931991,-77.032956,38.917622,-77.01597
7E20C56EB0E37250,38.86,-76.97,38.86,-76.97
057C30530E711C91,38.88412,-77.04657,38.876697,-77.0178975
FA3765ADFB011A7D,38.903819,-77.0284,38.88637194054526,-77.01770067214966
437193F1F8775D62,38.884260087971725,-76.99473559856415,38.894832,-76.987633
9C679DD9E34E0B18,38.899972,-76.998347,38.89222,-76.99602
FB898DE3521BC034,38.94,-77.03,38.90797216666667,-76.99710683333333
A9E9D8673D10E043,38.903584,-77.044789,38.90506687455313,-77.04177886247635
1C844B4165CA39F3,38.9,-77.05,38.9,-77.05
2FBDCC920E28C411,38.961737,-76.995922,38.961339,-77.027855
A865EB0751C53C06,38.92127983333334,-77.031811,38.93,-77.06
014D27C74E148C94,38.80576284873485,-77.060626745224,38.811456,-77.050276
6164A0369A6B6946,38.90240556584194,-77.01600551605225,38.90375,-77.06269
01C84835566928D7,38.905737,-77.02227,38.905697,-77.005483
41FFEDA26D232904,38.90582833333333,-77.04741316666667,38.9186875,-77.0415605
A87A272132D5B98C,38.897446,-77.009888,38.8840581,-76.9863852
3C1C601BE924C573,38.903658,-77.031737,38.903584,-77.044789
DD710BD0AF829148,38.93,-76.99,38.94,-77.01
5174EC3B3E57BE1D,38.888553,-77.032427,38.888553,-77.032427
8B70C4C8F27208A1,38.90276933333333,-77.026355,38.88708716666667,-77.01380533333334
06E3C237C7D97A6B,38.89484064247075,-76.99591577053069,38.89484064247075,-76.99591577053069
D80AC8E1C0950CE6,38.901539,-77.046564,38.88044,-77.025236
4E0BF80707724594,38.90774,-77.071652,38.90774,-77.071652
59BBA67AB6C151E9,38.908142,-77.038359,38.890539,-77.049383
456B93111FD354CE,38.90042673988099,-76.98825001716614,,
AF28EDAA4D283CAD,38.8863085,-77.01770933333333,38.89723083333333,-77.01943166666666
8FA6EEAEC39C0156,38.81350966666667,-77.04949733333333,38.81870816666667,-77.04774566666667
8134E87700F8D919,38.878771,-76.97093,38.878771,-76.97093
7CB2C7685BC68CE7,38.90184716666667,-77.038682,38.90509133333333,-77.04172566666666
13AE25221769B07B,38.913046,-77.032008,38.89728304853854,-77.02219069004059
9E0C484A26E2B39B,38.91,-77.04,38.9,-77.03
52859F674D526E07,38.881123,-77.017658,38.903649,-77.034918
922F9FB6F6F39904,38.888255,-77.0494365,38.89222,-76.99602
5D159DCDC175BACF,38.928893,-77.03625,38.956432,-77.032947
8396632D6316E3DF,38.865029,-77.039511,38.865029,-77.039511
DA64C6A8C8DD3ED8,38.876697,-77.0178975,38.893028,-77.026013
A4F734C573B18923,38.9324855,-76.99297283333334,38.93,-76.98
8DEF9717F686589F,38.884260087971725,-76.99473559856415,38.900412,-77.001949
B4287467240B313E,38.87177916666667,-77.10795683333333,38.88584683333333,-77.09774266666666
AC08C665B5525035,38.812351,-77.040691,38.803124,-77.040363
65196B708CA0C37B,38.99491316666666,-77.029549,39.000439,-77.00076316666667
8D288A7F79F72D7D,38.897222,-77.019347,38.902674,-77.021392
A6E53028B3663823,38.888774,-77.028694,38.888097,-77.038325
13CDD9C903C84067,38.901755,-77.051084,38.903584,-77.044789
FC84768B47E6C56A,38.91533116666667,-77.0121975,38.915319833333335,-77.012281
BEFD4C831433C8CD,38.89222,-76.99602,38.88432272414662,-77.02601015567778
D3A3A043EF3A0547,38.87335,-76.9834,38.87335,-76.9834
0C911DE016BCBBB6,38.93,-77.01,38.92871183333333,-77.03224216666666
B252BC536E59D513,38.897539333333334,-77.02722816666666,38.93088916666667,-77.03134216666666
68681FD7C13AC6D7,38.896923,-77.086502,38.892275,-77.013917
560A3B5219CE597B,38.90733256111448,-77.01536044478416,38.90980062655191,-77.03442692756653
A890A05F7D2F9867,38.89386,-77.070862,38.880705,-77.08596
2C20C5D5B346270F,38.934331666666665,-77.05796733333334,38.93,-77.03
8E0F18F4C5F7D408,38.920669,-77.04368,38.92333,-77.0352
6722F9DA2AC99FC0,38.90093,-77.018677,38.856425,-77.049232
290F4576C74C9FE1,38.8885525,-77.032427,38.9101,-77.0444
A3645461031D3A28,38.912524,-77.008798,38.88412,-77.017445
16AD0B84E0EA2404,38.901755,-77.051084,38.900358,-77.012108
31307D4FA437A49A,38.8904,-77.0889,38.903827,-77.053485
584EA23BB6788211,38.893511,-77.041544,38.893511,-77.041544
B78E0AB4B713EABC,38.90304,-77.019027,38.892459,-77.046567
0ACA1931303D1470,38.897446,-77.009888,38.903819,-77.0284
D8AA6C2E94285648,38.90240556584194,-77.01600551605225,38.902386,-77.005649
03D2A2BB3FC843D2,38.9,-77.02,38.9,-77.0
921E3349F606D671,38.947120166666664,-77.06496666666666,38.92,-77.07
5B8A3966C5F63E6E,38.8840581,-76.9863852,38.894832,-76.987633
1F0A4D27E41EBC5A,38.9,-77.06,38.88,-77.02
E83C4BD66D66630F,38.89222,-76.99602,38.8851,-77.0023
E39D75EDC29B8B9D,38.900283,-77.029822,38.900283,-77.029822
E2CDCDD1B12FAC31,38.887312,-77.025762,38.887312,-77.025762
1FE9C95F189526EE,38.90864,-77.02277,38.90864,-77.02277
7C0A237207D20185,38.888774,-77.028694,38.890496,-77.017247
3CA36A33D65198B9,38.895914,-77.026064,38.89903234416315,-77.03335404396057
976864833CEC1F8C,38.890539,-77.049383,38.890539,-77.049383
19B53AA3FE1E43F2,38.898984,-77.078317,38.897315,-77.070993
8ADB4F6C893079DC,38.923389,-77.051833,38.90571079190728,-77.0473176240921
972538927F8F5DFE,38.829545,-77.047844,38.829545,-77.047844
F0C2F89F218801E3,38.981103,-77.097426,38.902314,-77.0591415
E34F8DC5FF0159A9,38.87981516666667,-77.10771466666667,38.814105,-77.04276983333334
D841C3648E99EE32,38.9268,-77.0322,38.90849,-77.063586
69EA5BFD9DD1A71F,38.899408,-77.015289,38.88732,-76.983569
6ACBC5D2366C280E,38.8904955,-77.0172465,38.89,-77.02
E2DA35D36FAE2AA1,38.894919,-77.046587,38.9121,-77.0387
C4755934B0172511,38.88412,-77.04657,38.902314,-77.0591415
4244C0A4AD2BB39F,38.932514,-76.992889,38.912659,-77.017669
540514E1B90D84AD,38.89903234416315,-77.03335404396057,38.90980062655191,-77.03442692756653
6C52BBDC31A95365,38.93,-77.03,38.90880883333333,-77.02306
3349E969C647A790,38.876697,-77.0178975,38.876697,-77.0178975
3204BF2BF8587863,38.80576284873485,-77.060626745224,38.7859,-77.0167
804594361C020C4C,38.9308,-77.0315,38.913046,-77.032008
90B668BDD8F76E4A,38.923583,-77.050046,38.923203,-77.047637
ECA8266596A9F983,38.92,-77.03,38.932007166666665,-77.03291883333333
98AF731EFACA591E,38.896330166666665,-77.04480666666667,38.89828116666666,-77.0324505
A837021D2BCA70B8,38.887312,-77.025762,38.88412,-77.04657
60328FABCAFC19EC,38.920658333333336,-77.04367883333333,38.9178165,-77.0322325
CC4BD6F3B7B18B5A,38.908905,-77.04478,38.908905,-77.04478
C9415849954B3755,38.84232,-77.089555,38.84232,-77.089555
00528867BF28EC45,38.912648,-77.041834,38.903658,-77.031737
EEF0D9342BE5E323,38.888255,-77.0494365,38.90088,-77.048911
83AC00A0CC3C7A05,38.89967,-77.003666,38.919077,-77.000648
8587B1D1ABF792B1,38.861056,-77.049417,38.861056,-77.049417
1DFFDC6C3B03FD1B,38.905737,-77.02227,38.9055785,-77.027313
23586B5D78051543,38.903649,-77.034918,38.903649,-77.034918
D0EB451736523649,38.888097,-77.038325,38.915417,-77.012289
3DC7FAC697F3E834,38.99,-77.01,38.99,-77.03
E163793B52C26608,38.92,-77.04,38.92401733333333,-77.00213183333334
533829578580DAD0,38.898282949523605,-77.03973233699799,38.912652,-77.036278
39464DA374FEFDAA,38.90864,-77.02277,38.894851,-77.02324
2F65E5ED6D7B46DE,38.89967,-77.003666,38.913046,-77.032008
42325D62A70C0DC9,38.92807333333333,-77.02374916666666,38.92,-77.06
1A1AA1D7E0057E85,38.856425,-77.049232,38.862753,-77.05428
A8543C923E9F5A26,38.903584,-77.044789,38.912644,-77.04564
A6A75FE1BF4ED236,38.888255,-77.049437,38.886277,-77.028242
FF03373B4BD5D188,38.905126,-77.056887,38.90571079190728,-77.0473176240921
905850ADEF067CFD,38.905642666666665,-77.0274005,38.91,-77.0
5A8E3661E7EC7FB4,38.89958083333333,-77.00370916666667,38.8973005,-77.02716183333334
C8707A67CE222D14,38.902314,-77.0591415,38.902314,-77.0591415
A1D308BC800C334D,38.8904955,-77.0172465,38.8885525,-77.032427
3733C3D2EE29D16B,38.86968314861632,-77.01081544160843,38.88412,-77.017445
D83632FECA2591D3,38.9155,-77.0222,38.901755,-77.051084
8844A73CCEA3788B,38.88412,-77.04657,38.903819,-77.0284
69B86623908A9125,38.8974996,-76.9695094,38.889935,-76.93723
4051B0B03008D3A6,38.912524,-77.008798,38.9190185,-77.034449
A4C37521BD6EA483,38.804378,-77.060866,38.803124,-77.040363
D1DC472B71B0164C,38.90042673988099,-76.98825001716614,38.890461,-76.988355
176E95031EBB3058,38.888255,-77.0494365,38.9121,-77.0387
26470BF2C5710F91,38.89595455700754,-76.9678448436025,38.876823,-77.002161
5859D8DFD6196641,38.879819,-77.037413,38.878433,-77.03023
E82705347F573465,38.909394,-77.048728,38.921074,-77.031887
945876DB4ADD2D66,38.899589666666664,-77.02285233333333,38.95,-76.98
D9D1B7E0A6AF6937,38.862753,-77.05428,38.857866,-77.05949
62FD381B14787832,38.912652,-77.036278,38.905995699991145,-77.03980207443237
68F310ECE7C106A8,38.903658,-77.031737,38.903819,-77.0284
DF2368E2CDDDD742,38.895914,-77.026064,38.876697,-77.0178975
9D9892F0A4706974,38.892244,-77.033234,38.908142,-77.038359
42F57A7264D05E24,38.892934,-76.998273,38.888774,-77.028694
A04587218CE8BD97,38.961763,-77.085998,38.922649,-77.077271
7353B9F80B176C45,38.897293,-77.05557,38.8904955,-77.0172465
4650F449FE1C2C8A,38.7930647,-77.049436,38.7930647,-77.049436
B3D9F7A07972B371,38.908905,-77.04478,38.908905,-77.04478
15E1193480043385,38.901935,-76.978627,38.899983,-76.991383
97B8CA9873876253,38.88,-77.02,38.87,-77.01
30D3BCF3D7286028,38.88994,-76.825535,38.88994,-76.825535
9DB3D6C6FFFF90D0,38.920387,-77.025672,38.93132185874559,-77.02824711799622
E7F2EC84938A2631,38.93132185874559,-77.02824711799622,38.913761,-77.027025
90FF43747F10E91D,38.871841,-77.00591,38.8792,-76.9953
B57BD7C127003F13,38.889955,-77.000349,38.8997,-77.023086
0211CAAFB72D35E7,38.8885525,-77.032427,38.876751,-77.000736
EF3A603536FCB8AC,38.89614133333333,-76.994044,38.897023833333336,-77.00481
C0A9CDA0EBA743B6,38.890496,-77.017247,38.886978,-77.013769
E705B0D087165E8D,38.903584,-77.044789,38.918036,-77.045487
4BE66AF5C4EB41A4,38.896553,-77.06714,38.896553,-77.06714
EB47BE2A3468A884,38.88625606692058,-77.08426237106323,38.892459,-77.046567
2E1E1B53F4695BC3,38.899941626884754,-76.99489653110504,38.884260087971725,-76.99473559856415
E35F7E5F42F0718F,38.888774,-77.028694,38.888774,-77.028694
74A46E6D1B547EF2,39.0778751,-76.9418666,39.0778751,-76.9418666
F630800356DFB93F,38.922649,-77.077271,38.913046,-77.032008
523C9E6225AB9206,38.80704,-77.059817,38.814577,-77.052808
A1656259C6708898,38.888306166666666,-77.04946266666667,38.854462833333336,-77.05329333333333
48756528D600FD92,38.8763,-77.0037,38.88044,-77.025236
6EDDAE79594899A1,38.892244,-77.033234,38.892244,-77.033234
93F71F1068B1F452,38.912648,-77.041834,38.908643,-77.012365
D627B6FD6DC7E362,38.9121,-77.0387,38.91693645323652,-77.0296311378479
99C19E4100F61D0F,38.892164,-77.079375,38.9037315,-77.0675285
3437995B48DA6ECB,38.928868,-77.03619883333333,38.941167166666666,-77.06187716666666
1812110FC46603CF,38.915364333333336,-77.0122485,38.91,-77.01
F2447827E43BF060,38.90304,-77.019027,38.90304,-77.019027
053FBD45066782D5,38.910972,-77.00495,38.910972,-77.00495
3B1A43BC8EA4D672,38.878854378063295,-77.00572729110718,38.884916,-77.005965
736C6EDF81734742,38.94,-77.02,38.91,-77.04
72896E746B36A7F5,38.92,-76.96,38.96,-76.97
C424D6A139A41B7A,38.922925,-77.042581,38.928893,-77.03625
16286A99B05A009E,38.87335,-76.9834,38.87335,-76.9834
A2F8479F1CAD908F,38.912647166666666,-77.074367,38.897597166666664,-77.070953
24F350906250A535,38.915544,-77.038252,38.90276,-77.03863
52E7DDE34A0572D3,38.947607,-77.079382,38.934267,-77.057979
F5063C6B75A364E9,38.84736,-77.095431,38.856319,-77.11153
E12EA1E316E446D2,38.936298,-77.087128,38.947607,-77.079382
30825C0147FBB1F1,38.804378,-77.060866,38.799267,-77.0447
E7C76AC1A938E956,38.899811,-76.844604,38.899811,-76.844604
06F45B59A48FC9A2,38.90293157359119,-76.99840486049652,38.895914,-77.026064
F5036D2A671A1EF0,38.9226695,-77.0772065,38.94124516666667,-77.06198733333333
D8F47CAE62503388,38.859254,-77.063275,38.888255,-77.0494365
13BA98886A3DAD0C,38.892934,-76.998273,38.89696,-77.00493
ABB8F407D3D1E21A,38.878693599396954,-77.02305436134338,38.88432272414662,-77.02601015567778
3B73F4A59BF67C07,38.876893,-77.006072,38.9055785,-77.027313
BA65B8A61BD433FD,38.89500683333333,-77.07356883333334,38.91265466666667,-77.07424766666666
BB7714BB5F149E92,38.91,-77.0,38.90269466666667,-76.9951055
BC11E53522893BB5,38.908391,-76.843263,38.908391,-76.843263
F1305E09135452A3,38.98,-77.0,38.99,-77.03
5246B9727C8B9480,38.905303,-77.050264,38.8923,-77.0436
12F09D17792B22DA,38.923583,-77.050046,38.931991,-77.032956
B0C21471E0F97E85,38.888255,-77.049437,38.892275,-77.013917
5510BF84CC617BF2,38.9286585,-77.03225783333333,38.90594166666666,-77.03253733333334
557F627373A0C03E,38.92111383333334,-77.0316305,38.93136716666667,-77.028212
E8E7B28B10217A87,38.9059,-77.0325,38.905303,-77.050264
6017169D0C85334A,38.949662,-77.027333,38.949662,-77.027333
7159E1371FE506BD,38.901136451737045,-77.03445106744766,38.898412,-77.043182
EB9DC9E6AFF0E405,38.920669,-77.04368,38.920669,-77.04368
D95D409F7E09FB06,38.918809,-77.041571,38.920387,-77.025672
6AB2B61791B8AD41,38.808161,-77.100796,38.802677,-77.063562
CD818F14016B44C9,38.918036,-77.045487,38.90506687455313,-77.04177886247635
F490F567A4905FD1,38.961339,-77.027855,38.961339,-77.027855
B545BBFDE219B64B,38.91,-77.04,38.908531333333336,-77.06375116666666
CA811831508B760F,38.898364,-77.027869,38.902386,-77.005649
6D2988DB542981D0,38.881123,-77.017658,38.888774,-77.028694
475024FC51D2B630,38.91537183333333,-77.01225533333333,38.93,-77.06
051F2F7355C86140,38.871841,-77.00591,38.876697,-77.0178975
76CF04BEA41FD1A6,38.882788,-77.103148,38.8904,-77.0889
74AF09BA7E1FA5C2,38.8946,-77.072305,38.85740496261504,-77.05113172531128
1F2BADED870ED6FF,38.920387,-77.025672,38.912719,-77.022155
EBBFF360D3FF142A,38.929464,-77.027822,38.90088,-77.048911
B84BB37EC4F7525C,38.913761,-77.027025,38.896553,-77.06714
B441D4DB50091638,38.890539,-77.049383,38.886372,-77.017701
9896FA2C3ABBFEC7,38.88,-77.02,38.878431666666664,-77.030335
B3ED6842108C0237,39.0778751,-76.9418666,39.0778751,-76.9418666
644CDC3ACBC184C7,38.918180666666665,-77.045329,38.954952,-77.06988216666667
4FA4252FBDE40750,39.049,-77.10933,38.999634,-77.109647
594B9609029CF8BD,38.894573,-77.01994,38.894851,-77.02324
F67E69B132A853A8,38.886952,-76.996806,38.886952,-76.996806
BAE2C1117B936E5A,38.888255,-77.0494365,38.8885525,-77.032427
938CFDB601B18937,38.88412,-77.04657,38.88637194054526,-77.01770067214966
BA0C40A47C6ED9B3,38.918036,-77.045487,38.9154,-77.0446
E7CED94D9168F24E,38.89222816666667,-77.0138495,38.89,-77.02
9D0D53989F28EDA7,38.8923,-77.0436,38.8923,-77.0436
006FB8E4D3B02A68,38.922925,-77.042581,38.925284,-77.032375
84833149C68247D3,38.888255,-77.0494365,38.888255,-77.0494365
BD0AB107BA83EAF0,38.876823,-77.002161,38.899941626884754,-76.99489653110504
E63A7AD21C5EB35F,38.9,-77.07,38.979887833333336,-77.09349233333333
4F2A2355316CFA92,38.931983833333334,-77.03876,38.961807,-77.085901
EBF2BAE78D0CC14F,38.903819,-77.0284,38.88412,-77.04657
FEC6AA0A6D189ECC,38.890496,-77.017247,38.884323,-77.02601
371CC8027A8A44A2,38.89646474748647,-77.0333808660507,38.905126,-77.056887
183C1286A7873740,38.888774,-77.028694,38.890539,-77.049383
858FF8FDF4ABEB6D,38.915544,-77.038252,38.905424,-77.034674
E0A2CC198C41133A,38.894919,-77.046587,38.922925,-77.042581
4DAA4BFAF3504391,38.936213,-76.960054,38.932128,-77.0235
59463BBDD7407022,38.890539,-77.049383,38.90042673988099,-76.98825001716614
1B5521ABB77D622C,38.88786,-77.094875,38.894941,-77.09169
E98FFD5718D875F5,38.878693599396954,-77.02305436134338,38.887312,-77.025762
4F6F450D4118222F,38.889955,-77.000349,38.884916,-77.005965
75A8D0A581A51F45,38.903584,-77.044789,38.920682,-76.995876
87714D8D0DE26CC8,38.88,-77.0,38.91,-77.02
86ED85C4C1D17F6B,38.897293,-77.05557,38.897293,-77.05557
3EAB1A193C57B5B5,38.93,-77.03,38.93,-77.04
FF4CA30D2B75F56E,38.907908,-76.99707,38.915604,-76.983683
BC140378724D9BEF,38.9098745,-77.03433216666667,38.90938166666667,-77.04860866666667
D983193246E10B69,38.889908,-76.983326,38.915604,-76.983683
A02E09BB9715DAF2,38.899639,-77.003361,38.9,-77.0
98D8CAB8B403A499,38.888097,-77.038325,38.929464,-77.027822
414F5D5C72F977FF,38.92,-77.0,38.92,-77.02
A12CCF0C27AA25CF,38.986743,-77.000035,38.975219,-77.016855
948671311A665606,38.9190185,-77.034449,38.90980062655191,-77.03442692756653
B665A4948AEF6EE3,38.89696,-77.00493,38.922581,-77.070334
EFD6CA00AE414167,38.8107765,-77.04462566666666,38.862797,-77.05416266666667
C1F2FE3641492274,38.923389,-77.051833,38.90506687455313,-77.04177886247635
1151263FEA7CF8AF,38.915417,-77.012289,38.905697,-77.005483
6B15954EE8ED4B6A,38.91,-77.01,38.9249685,-77.02221316666666
5EE8F1F2E1DE6FAA,38.865029,-77.039511,38.862753,-77.05428
9CD701EBF0D49363,38.934405,-77.032687,38.931991,-77.032956
E4322E3C55B587C4,38.89728304853854,-77.02219069004059,38.90849,-77.063586
CC92B21E18CDED5A,38.917761,-77.04062,38.90571079190728,-77.0473176240921
4915C443695EB84A,38.890539,-77.049383,38.90304,-77.019027
BF64D885E30E8C6E,38.881044,-77.111768,38.888282,-77.111066
A72A3771FEA937C4,38.920387,-77.025672,38.90843,-77.02714
16129507E56280B9,38.912705,-77.07434683333334,38.9230825,-77.04254966666667
67378289895F5EA1,38.90240556584194,-77.01600551605225,38.898364,-77.027869
47056D25BA662190,38.90042673988099,-76.98825001716614,38.899972,-76.998347
239BEC5917765B3F,38.902674,-77.021392,38.888255,-77.049437
DD0FEC7AD08FE75E,38.90980062655191,-77.03442692756653,38.912719,-77.022155
219F342F781DC7F6,38.8885525,-77.032427,38.902814,-77.061043
C213D5E40D85A81B,38.9086,-77.0323,38.9155,-77.0222
4DB61A441E1E3302,38.901755,-77.051084,38.9190185,-77.034449
E425EB16938F526A,38.90355183333333,-77.06755183333334,38.88821683333333,-77.0493365
DD7315EEBDD203D8,38.905737,-77.02227,38.90843,-77.02714
ABC7DCAE245D646B,38.958267,-77.084636,38.96454350924588,-77.07513481378555
941A9897B8552883,38.894832,-76.987633,38.884260087971725,-76.99473559856415
2775485B0385A8DC,38.886266,-77.022241,38.86968314861632,-77.01081544160843
BDE192BF227BC06E,38.928775333333334,-77.01235433333333,38.90569,-77.027048
1AD42CABC2E35EC5,38.90774,-77.071652,38.903827,-77.053485
C4751CDF3831C50A,38.90540883333333,-77.05039666666667,38.90555966666667,-77.04755483333334
D53B4B478A96B025,38.90088,-77.048911,38.89830173667249,-77.04691261053085
657C880F91E5E575,38.9,-77.03,38.903692666666664,-77.04452116666667
C19E0B0F70A0CDB1,38.903827,-77.053485,38.897222,-77.019347
7BD246F34D49129F,38.928552,-77.032224,38.92333,-77.0352
D257FF8E87C29E81,38.912648,-77.041834,38.89903234416315,-77.03335404396057
51B3C72BC32C236F,38.90980062655191,-77.03442692756653,38.91,-77.04
CBCA469C63BC07B3,38.897108,-77.011616,38.89222,-76.99602
B1C8E5BA8B370CDF,38.89830173667249,-77.04691261053085,38.8963,-77.045
915DDD82B4A8952C,38.9037315,-77.0675285,38.865029,-77.039511
88C17568B399A931,38.9,-77.05,38.91,-77.05
3836AAE28B6E2B0B,38.934267,-77.057979,38.912719,-77.022155
1EAD7FAEEA193390,38.879819,-77.037413,38.879819,-77.037413
6489C1A58A2B7FC0,38.88044,-77.025236,38.9249,-77.0222
227CF80BAB46A2F9,38.901539,-77.046564,38.903658,-77.031737
09DEE5DE7E6B436E,38.8426,-77.0502,38.8426,-77.0502
8912F25E904E2F47,38.88044,-77.025236,38.894851,-77.02324
0CC3F0413F65EB11,38.90093,-77.018677,38.89824328774852,-77.02623546123505
7AECC6FBAB7D3A78,38.917761,-77.04062,38.899983,-76.991383
8E71F4450E0A0A01,38.9177645,-77.032096,38.90304,-77.019027
3E78596280B536F7,38.92,-77.02,38.92811116666667,-77.02377866666667
4B26A079BB34BA7E,38.888774,-77.028694,38.888255,-77.0494365
07D456A5FE441352,38.89967,-77.003666,38.899983,-76.991383
FAC06AA06F6DD2E3,38.878985,-77.00606833333333,38.90834366666667,-77.0271065
1720ECA09D8E4DC3,38.99964766666667,-77.05124666666667,38.99496216666667,-77.02954033333333
EAB77D55AF8575F6,38.918036,-77.045487,38.9003,-77.0429
61DB6D147C73E545,38.8885525,-77.032427,38.876751,-77.000736
545E4AB1E0079DFA,38.841299,-77.063095,38.8412955,-77.06310566666667
E7AC8B476CE6188A,38.889988,-76.995193,38.8851,-77.0023
EB0A5868BEBCCD31,38.92612422246211,-77.03542068600655,38.878693599396954,-77.02305436134338
66B79B9092E13772,38.89252283333333,-77.08207716666666,38.988543666666665,-77.09669583333333
D103DC4DA18DD25C,38.903584,-77.044789,38.888255,-77.0494365
4D9F32A97262E01F,38.799267,-77.0447,38.804378,-77.060866
404A84FD1349504F,38.88345,-77.021741,38.8763,-77.0037
B30FB788ED681B03,38.90040166666667,-77.00200183333334,38.918698,-77.04147666666667
4E5B60ABEF7DE021,38.94,-77.03,38.90990983333333,-77.03439333333333
E1F56F4578205693,38.811456,-77.050276,38.82595,-77.058541
56523B771869CB0E,38.9177645,-77.032096,38.9055785,-77.027313
C7DC114B1A3F7F5C,38.894851,-77.02324,38.902061,-77.038322
71ED8C1877191A7B,38.90506687455313,-77.04177886247635,38.890539,-77.049383
3BFEE408E19CE947,38.8984305,-77.04354433333333,38.881325,-77.01771716666667
64DA35A38D63FBD4,38.912644,-77.04564,38.89484064247075,-76.99591577053069
CD8F4BA2EB8626B7,39.025373,-77.04455533333334,39.03,-77.05
E0373178EA4F0267,38.8923,-77.0436,38.887312,-77.025762
ACDF9D3514BD8815,38.88044,-77.025236,38.908142,-77.038359
C0D9821166646C5D,38.90787483333333,-77.07161583333334,38.9,-77.06
B521CE978A2AB0A8,38.90843,-77.02714,38.903658,-77.031737
E29F4843AC91C324,38.9086,-77.0323,38.912644,-77.04564
28766607342AE48D,38.90304,-77.019027,38.897857,-77.026975
67BE6D866DF37EB0,38.917622,-77.01597,38.9101,-77.0444
C97D20A73209ED14,38.9268,-77.0322,38.912719,-77.022155
E5408C67F442EF1F,38.887378,-77.001955,38.886266,-77.022241
59AC708A9B967ABF,38.90232616666667,-77.01593483333333,38.912520666666666,-77.01332733333334
DC99F622148C280D,38.947156,-77.065115,38.912644,-77.04564
300122C578A59AD6,38.89967,-77.003666,38.8840581,-76.9863852
65F224EB2D6E50C2,38.90304,-77.019027,38.8803,-76.9862
CEFDDB9582AA55AC,38.888097,-77.038325,38.896104,-77.049882
F4A0FAA226E579FA,38.8904955,-77.0172465,38.87501,-77.0024
F72E4A50D964021E,38.888553,-77.032427,38.888774,-77.028694
546BF3FEB31208DB,38.886952,-76.996806,38.886978,-77.013769
6EF40EDA9307C90F,38.888553,-77.032427,38.888553,-77.032427
5EA10938B9990574,38.899408,-77.015289,38.899941626884754,-76.99489653110504
69DADE8838C54D5A,38.924150833333336,-77.0407265,38.90536316666667,-77.065196
BCE8746E650CC3E7,38.90304,-77.019027,38.9126,-77.0135
BC72A21B693E2B39,38.856425,-77.049232,38.865029,-77.039511
8565483825B957C1,38.893511,-77.041544,38.90506687455313,-77.04177886247635
64124875BFFE061F,38.92,-77.04,38.96447633333333,-77.0750055
1FCDFD35D6229A0F,38.999634,-77.109647,38.981103,-77.097426
E12273EC8EE9F471,38.902674,-77.021392,38.865029,-77.039511
C52C6410B8FDDDB3,38.979875,-77.093522,38.902314,-77.0591415
0FABF6B60D8B4B7E,38.897315,-77.070993,38.90375,-77.06269
A47F4A1B16E57B00,38.975505,-76.952199,38.975505,-76.952199
95D137C1B517D908,38.90304,-77.019027,38.888774,-77.028694
B52FD2E1C20E5319,38.881123,-77.017658,38.894573,-77.01994
F063B8D9D3607580,38.984691,-77.09453166666667,38.903543666666664,-77.06275233333334
A1A6BA0C89A61DCB,38.892459,-77.046567,38.892459,-77.046567
AB2FF9F86EDA346C,38.964992,-77.103381,38.979875,-77.093522
4618FCF1B80A5B77,38.886978,-77.013769,38.888553,-77.032427
85C69EBE6645C24B,38.923566666666666,-77.05005733333333,38.947595666666665,-77.0793155
758158DB43969349,38.9005025,-77.00216533333334,38.888580833333336,-77.03247183333333
1576C94F5CDE3030,38.892459,-77.046567,38.892459,-77.046567
2BBE7ED31D436841,38.903819,-77.0284,38.896104,-77.049882
3FC356605F3C827B,38.888255,-77.049437,38.898243,-77.026235
F82C75ED841CDD6C,38.924088,-77.040787,38.9366839345886,-77.02418088912964
98F3EA2D4389B759,38.882746,-77.170032,38.87947660895433,-77.11456328630447
4FE2FAF8CEC7E271,38.907908,-76.99707,38.907908,-76.99707
AEB3D10597C7B281,38.87884066666667,-77.00596483333334,38.90559116666667,-77.00523983333333
43876BC019D03258,38.782633,-77.016059,38.782633,-77.016059
51ED1079A6A86653,38.9037315,-77.0675285,38.9037315,-77.0675285
C1D64EC3A570C602,38.9101,-77.0444,38.9121,-77.0387
33FEEB8C29A5336A,38.894832,-76.987633,38.915417,-77.012289
ABBE58FE5D6EE0EB,38.905529,-77.06523166666666,38.89480783333333,-77.0232515
E6CC01FEAB89C1C0,38.893028,-77.026013,38.897857,-77.026975
E503025C3DEAAF64,38.888097,-77.038325,38.888097,-77.038325
21A7A4F54027E140,38.8802585,-76.986181,38.9054995,-77.002022
4D078C04CF909A2D,38.938889,-76.997226,38.928644,-76.990955
16F66D91E2A589A9,38.91,-77.04,38.91,-77.04
68D48EC25FA3D884,38.9967965,-77.0255515,38.99696516666667,-77.02587883333334
6F87AC840A2EF40B,38.876697,-77.0178975,38.905469714943266,-77.0021304488182
BA228009C0D04896,38.905697,-77.005483,38.915417,-77.012289
610EBCD0F063F0F3,38.905737,-77.02227,38.9172,-77.0259
A530FCF0D7B12587,38.889955,-77.000349,38.899972,-76.998347
186CCB56926B4DC2,38.804718,-77.043363,38.7930647,-77.049436
5D703D3A991D3E7E,38.905697,-77.005483,38.905697,-77.005483
505940BD474E27D0,38.9,-77.06,38.89948916666667,-77.05418116666667
714B026551CC2C26,38.961737,-76.995922,38.952369,-77.002721
B5810630CADED8FD,38.895914,-77.026064,38.881123,-77.017658
FD844FB2B851EF82,38.905697,-77.005483,38.920682,-76.995876
49F9CB089894EC39,38.897315,-77.070993,38.905303,-77.050264
A4FEDC7D7AB6E131,38.888097,-77.038325,38.876697,-77.0178975
6258ECC1A8ABA964,38.920387,-77.025672,38.9086,-77.0323
A4B476A3A6937F44,38.905343,-77.034291,38.91,-77.02
1605605D12046000,38.888774,-77.028694,38.879819,-77.037413
8DB5BCA1811F4A3E,38.876697,-77.0178975,38.902061,-77.038322
9C7A696CC69CDC1B,38.90864,-77.02277,38.9059,-77.0325
10E45C10365256F2,38.89484064247075,-76.99591577053069,38.876823,-77.002161
389D0B2A264028C0,38.92340333333333,-77.05187016666666,38.923564,-77.050094
EA8E0A4DC65AFADE,38.988562,-77.096539,38.98954,-77.098029
1BE2FA2833019E00,38.905303,-77.050264,38.902674,-77.021392
3220A834F00A4880,38.929464,-77.027822,38.889955,-77.000349
D492D3626D066ABC,38.899408,-77.015289,38.90093,-77.018677
AE0158C9AE53499A,38.888255,-77.0494365,38.890539,-77.049383
471BDC8CE2DC6F3C,38.9346,-76.9955,38.896465,-77.033381
C239CD0C7B82E7E1,38.93142183333333,-77.02826766666666,38.916887833333334,-77.0282985
6CAF7E47FCF717F4,38.894851,-77.02324,38.901136451737045,-77.03445106744766
C7906FED43ABE3DC,38.876893,-77.006072,38.890461,-76.988355
C998703DF1EC888F,38.865516166666666,-76.95215566666667,38.91,-77.0
F36E09D09C7C77FE,38.905697,-77.005483,38.892275,-77.013917
41369DAA2B8DC3D2,38.92616616666667,-77.035493,38.928104166666664,-77.02420383333333
66656FFA275FD7EC,38.86338283333333,-77.063388,38.854540666666665,-77.0534005
2350494B49BBB040,38.890612,-77.084801,38.896923,-77.086502
C4159554901FC26A,38.897857,-77.026975,38.90375,-77.06269
5B0D5E188043EEF3,38.894851,-77.02324,38.894851,-77.02324
3D5F13DC7EB8BDEA,38.888553,-77.032427,38.879819,-77.037413
4A795D4CC12797F7,38.947607,-77.079382,38.934881,-77.072755
E7B053B7F2EC7144,38.92333,-77.0352,38.90571079190728,-77.0473176240921
7C9F9FA63E8D6705,38.932636,-77.231825,38.932636,-77.231825
4DAC25DC53A5F6D3,38.921074,-77.031887,38.9086,-77.0323
21D006F96084AB05,38.9142043187298,-77.0221745967865,38.905737,-77.02227
E02EE7F1939772D4,38.89968,-77.041539,38.9003,-77.0429
EEBD5346CC0844DE,38.905697,-77.005483,38.90273216425078,-76.99514991079923
DA7D58AC439924BE,38.865029,-77.039511,38.865029,-77.039511
5D96DF8930671DFD,38.979875,-77.093522,38.964992,-77.103381
DEA2A277B5E1A0D7,38.886952,-76.996806,38.90273216425078,-76.99514991079923
8443FE02944DC0A9,38.90980062655191,-77.03442692756653,38.92,-77.04
18848D7BD74695F9,38.918809,-77.041571,38.897293,-77.05557
C18DC9B87603FF88,38.88,-77.01,38.89707516666667,-77.00484033333333
F76BD745D4F51E2A,38.879819,-77.037413,38.888774,-77.028694
79EE18AFB6BB6714,38.884260087971725,-76.99473559856415,38.89696,-77.00493
26120314DF81C2EF,38.900412,-77.001949,38.89728304853854,-77.02219069004059
3D1637746E97BB6F,38.892244,-77.033234,38.890539,-77.049383
39C84372DFCAB50A,38.912659,-77.017669,38.915544,-77.038252
BE3EB6D5BEABD226,38.87,-76.99,38.87,-76.99
E64A8A7577FB8F68,39.083673,-77.149162,39.095661,-77.159048
6532687EF45E62B8,38.813485,-77.049468,38.813485,-77.049468
3B665E554B2F4C7C,38.921074,-77.031887,38.912659,-77.017669
B14C9C85074C35F4,38.905126,-77.056887,38.892459,-77.046567
95BF40FB6B7D546A,38.90279616666667,-77.02140816666666,38.88997466666667,-77.00051333333333
86D39A64179800D3,38.923389,-77.051833,38.915544,-77.038252
F038F58272DF61D0,38.905303,-77.050264,38.90571079190728,-77.0473176240921
8352576AA0A5FF1E,38.912648,-77.041834,38.90980062655191,-77.03442692756653
E3D75E08373E5B09,38.925284,-77.032375,38.902674,-77.021392
C962D98FE2CBB50A,38.905126,-77.056887,38.9059,-77.0325
5A921B8039558C0A,38.93,-77.02,38.93,-77.03
266F914CDEBEFBCD,38.888774,-77.028694,38.888774,-77.028694
0CDD3B89A27A1383,38.9059,-77.0325,38.886277,-77.028242
CE80624341CF1CC8,38.9190185,-77.034449,38.9126,-77.0135
9F33510C8292F1C9,38.878433,-77.03023,38.878433,-77.03023
672EFEDCE97A6FE9,38.8840581,-76.9863852,38.890461,-76.988355
5569B205B0FEB7C6,38.879819,-77.037413,38.88627694506511,-77.02824175357819
D191C732BF907676,38.897222,-77.019347,38.897222,-77.019347
AE38B9CBD7725EC2,38.902690666666665,-77.02624083333333,38.91,-77.03
24149CE7FCE53C63,38.89824328774852,-77.02623546123505,38.915544,-77.038252
5B21E1C5CD59E376,38.912659,-77.017669,38.893511,-77.041544
DC1E41454863DDA9,38.892275,-77.013917,38.878854378063295,-77.00572729110718
2712437EC9E614E3,38.924088,-77.040787,38.922925,-77.042581
23E4E05FD605C1F8,38.93132185874559,-77.02824711799622,38.895914,-77.026064
C07C22F8E4200BA0,38.9121,-77.0387,38.9375,-77.0328
F50EE7E1AB2BA597,38.89608815884687,-76.99401140213013,38.89967,-77.003666
B7548316838AA0D9,38.8997,-77.023086,38.900358,-77.012108
DC63E0568A67AA7E,38.902386,-77.005649,38.899408,-77.015289
BC10BD78D691CA9B,38.921074,-77.031887,38.89968,-77.041539
C5650400ABE2D132,38.902314,-77.0591415,38.912719,-77.022155
2ED31A3CE7F8BF9B,38.94,-77.03,38.94,-77.02
68F9CCBCBF59BAD0,38.912648,-77.041834,38.90849,-77.063586
372EF2A3097450EA,38.925533333333334,-77.02704583333333,38.91,-77.04
0BF4A457E1865A7C,38.90581616666667,-77.03257316666667,38.88,-77.02
03B41E3171F9D4D5,38.895914,-77.026064,38.884260087971725,-76.99473559856415
F75DFA8C0BEAE91A,38.905711,-77.047318,38.900711,-77.046449
77722DE78FFDF02B,38.896553,-77.06714,38.812351,-77.040691
D52DF7D203267EC3,38.901136,-77.034451,38.888553,-77.032427
FECB70F899E94373,38.917622,-77.01597,38.917622,-77.01597
AA93A94DA9F15959,38.915544,-77.038252,38.886978,-77.013769
C4E4F2F3276D7FCD,38.879819,-77.037413,38.9059,-77.0325
F703B9F58BC0FA55,38.88345,-77.021741,38.888774,-77.028694
6F9558FF018E966A,38.93,-77.03,38.95,-77.01
F5A223D729A76BC1,38.888774,-77.028694,38.888774,-77.028694
2EFEC8181AE4C4BD,38.930282,-77.055599,38.897293,-77.05557
9BC0B264EF79E5E9,38.890612,-77.084801,38.89054,-77.08095
98FC2ACA4603A2C1,38.9324815,-76.99307316666666,38.905436333333334,-77.00527016666666
BEF423C962129466,38.906299,-76.983221,38.906299,-76.983221
0FC95140F8D43956,38.88412,-77.04657,38.91261359469192,-77.07432264076488
BC9B266B957162AA,38.923389,-77.051833,38.922581,-77.070334
0791ED3DE8C2B8C2,38.89222,-76.99602,38.908905,-77.04478
FA6FE862782CC702,38.89696,-77.00493,38.8803,-76.9862
699FA0ACD314DB38,38.888553,-77.032427,38.894514,-77.031617
1D112F456A30E143,38.9154,-77.0446,38.921074,-77.031887
7162578887D598D8,38.88412,-77.04657,38.88412,-77.04657
FBA9F55E89DF8AFC,38.888097,-77.038325,38.888255,-77.0494365
F09E35DC21F08CB1,38.888774,-77.028694,38.889988,-76.995193
C710920B7C945C47,38.903827,-77.053485,38.90571079190728,-77.0473176240921
AA08B28A1DAEE738,38.9052435,-77.034241,38.91743533333333,-77.03218233333334
BB2627E1ABCA23B8,38.912692166666666,-77.0743435,38.91269366666667,-77.074354
739374ED1E4852DC,38.888783833333335,-77.0286285,38.884008666666666,-77.046425
1828AE0B1307E991,38.905697,-77.005483,38.902674,-77.021392
A281F1697ECA7C10,38.893028,-77.026013,38.893028,-77.026013
F3D9818D3F5706BE,38.9024,-77.02622,38.9024,-77.02622
0C2B01EB7E465825,38.920669,-77.04368,38.934881,-77.072755
9FFCB1CEA20658C2,38.8923,-77.0436,38.900283,-77.029822
9FA80015665C8DCF,38.805317,-77.049883,38.888255,-77.0494365
F0A463F64049A128,38.91815116666667,-77.00476833333333,38.92,-77.02
D801BDFAFFBB2A58,38.901136,-77.034451,38.905126,-77.056887
F31D373778A7204B,38.93,-77.03,38.93,-77.04
3DE08A8D32D92C90,38.91,-77.0,38.91,-77.0
2E7FD53B2D6344DC,38.925659,-77.02710333333333,38.92,-77.03
B27EB0DDBADCBCC4,38.871841,-77.00591,38.87501,-77.0024
AEB024A5943D13B9,38.888255,-77.0494365,38.871841,-77.00591
FDB38AB63171E445,38.944551,-77.063896,38.892244,-77.033234
BE4267E9B0774028,38.8885675,-77.03238166666667,38.878774,-77.00669433333333
E23D786981DE653B,38.9,-77.06,38.884022,-77.0464085
AE2A6D6982BF2F8F,38.905126,-77.056887,38.90375,-77.06269
27CF4439E87F7E68,38.892244,-77.033234,38.912652,-77.036278
E5A301111CF90094,38.928743,-77.012457,38.912652,-77.036278
6CAC94F460A9050B,38.907444,-76.986813,38.89728304853854,-77.02219069004059
C88B2A13644E9AC7,38.871841,-77.00591,38.89595455700754,-76.9678448436025
143407169EB93AEB,38.88412,-77.04657,38.90276,-77.03863
77A71D436E5B3FF8,38.892441,-77.048947,38.881123,-77.017658
150284583494BC89,38.90843,-77.02714,38.9037315,-77.0675285
201E94C9937BA5DE,38.912644,-77.04564,38.91693645323652,-77.0296311378479
056D6D4F5F1C0E80,38.938736,-77.087171,38.922649,-77.077271
F04F7C44BA086C35,38.908142,-77.038359,38.902061,-77.038322
6C6A62461266B7F4,38.901755,-77.051084,38.859254,-77.063275
ED706FD93DD0A365,38.920682,-76.995876,38.912659,-77.017669
E9B40DE0FB61EB4E,38.885908,-76.991476,38.8803,-76.9862
936A8A9A0DBA99FC,38.899632,-77.031686,38.8743,-77.0057
FA972D5C31EDEC6F,39.084125,-77.151291,39.084125,-77.151291
873E40827A49DE69,38.888255,-77.049437,38.88992,-77.071301
6F328640643C2CB4,38.902204,-77.04337,38.881123,-77.017658
4D6E39B522D4D427,38.901136451737045,-77.03445106744766,38.901136451737045,-77.03445106744766
BF7A8762449C8EBE,38.901935,-76.978627,38.901935,-76.978627
4F5D1B376E09F05C,38.90864,-77.02277,38.913046,-77.032008
28B517164C41183A,38.88,-77.02,38.89707,-77.004938
172C57DFC53C817B,38.94,-77.03,38.90379883333333,-77.06265883333333
F777FB720ED423F9,38.90042673988099,-76.98825001716614,38.905469714943266,-77.0021304488182
2053531C1006E403,38.8840581,-76.9863852,38.902674,-77.021392
A1B37F3D474E1EC1,38.959361,-76.946361,,
6497777E2DBAB5D7,38.92333,-77.0352,38.90980062655191,-77.03442692756653
2C3B7BAFEBA81B6D,38.89728304853854,-77.02219069004059,38.879819,-77.037413
7701B54B6F989463,38.90071062547463,-77.04644858837128,38.90071062547463,-77.04644858837128
4304A1CF5E85D973,38.903827,-77.053485,38.90733256111448,-77.01536044478416
584B8A3F0133A201,38.9154,-77.0446,38.915544,-77.038252
1202700E8B5EB718,38.878433,-77.03023,38.88412,-77.04657
328B7A9936741BB5,38.932128,-77.0235,38.9366839345886,-77.02418088912964
FB7E022AE828936A,38.8923,-77.0436,38.8923,-77.0436
B60F03DB95DF265A,38.876823,-77.002161,38.89696,-77.00493
E059FE012C37F5A9,39.04873,-77.1257,39.04753,-77.11287
B1E345E6B3B9A41D,38.9249,-77.0222,38.915417,-77.012289
5F442953F9FAAC39,38.96,-76.98,38.95,-76.97
9599E6E7ED4A3196,38.88548252734069,-76.97718724608421,38.878854378063295,-77.00572729110718
BFA25F146183166A,38.892244,-77.033234,38.892244,-77.033234
6E82158314C4A50D,38.922925,-77.042581,38.911268,-77.041829
84A94520C1E7AF1D,38.917622,-77.01597,38.908643,-77.012365
44DC9AB2AE156518,38.997445,-77.023894,38.997445,-77.023894
1072BE12D6616D34,38.8997,-77.023086,38.915544,-77.038252
F7B0FF671D873DE0,38.876823,-77.002161,38.876823,-77.002161
FB4496258B38BDC5,38.93,-77.04,38.93,-77.03
156D974FBE0F2B96,38.915604,-76.983683,38.900412,-77.001949
3FE420B514B810BC,38.903819,-77.0284,38.888255,-77.0494365
701D13B90506E54F,38.91,-77.04,38.956446166666666,-77.0329915
38FCBDE9861CF820,38.947156,-77.065115,38.934267,-77.057979
3AAEA2BA262E50F7,39.04753,-77.11287,39.04873,-77.1257
A1BDEB65FA8C54B8,38.902314,-77.0591415,38.88412,-77.04657
1E2309F033E7D75F,38.93188633333333,-77.038773,38.92072366666667,-77.04363383333333
59DAF9EE30C13288,38.96,-77.0,38.956343,-77.03297466666666
0A7C4A0970147884,38.90849,-77.063586,38.894573,-77.01994
9BE043FBD4D0FEB5,38.928696,-76.9908835,38.907901833333334,-76.99714883333333
D05AE757CEB10193,38.898984,-77.078317,38.890612,-77.084801
EA14B0ACE5962CA3,38.892275,-77.013917,38.890539,-77.049383
0AF4AFCD483353F6,38.90980062655191,-77.03442692756653,38.9101,-77.0444
1B95D41C4BE2BC1E,38.91,-77.03,38.924131,-77.04064016666666
509F1C16156A09BA,38.9101,-77.0444,38.90571079190728,-77.0473176240921
3728E2D144AADCED,38.896553,-77.06714,38.865029,-77.039511
A50F1CB3FA7EE7C7,38.912644,-77.04564,38.901539,-77.046564
ABD68A609551B483,38.913012333333334,-77.03194016666667,38.92,-77.06
544FB9FE0F703D94,38.94,-77.07,38.95,-77.08
0B00FD57664DAF8C,38.897063,-76.947446,38.908473,-76.933099
9B5D1D756B594A03,38.876492666666664,-77.00366833333334,38.87661683333333,-77.00343016666666
6AD3D75AE67BAF5B,38.91261359469192,-77.07432264076488,38.90980062655191,-77.03442692756653
91EF95875C1F1BF3,38.9,-77.04,38.9288365,-77.03615683333334
1AFFD1C9C4EF828A,38.90586283333333,-77.032573,38.90245433333333,-77.0590365
084B83DD0EE2CC38,38.90858683333333,-77.02305016666666,38.876798,-76.99437583333334
5172ACE97140945F,38.934881,-77.072755,38.947607,-77.079382
606A1DC8A53D6BC1,38.89696,-77.00493,38.88291548476762,-76.98790669441223
775F14E273E424C7,38.881185,-77.001828,38.876211,-77.012443
5B4E9C9B8A7FDCF5,38.908430833333334,-77.027168,38.91544066666667,-77.04457183333334
887B676F0C1F684E,38.928644,-76.990955,38.897274,-76.994749
461DF8D01AF7938E,38.88532071975074,-77.15642720460892,38.878085,-77.153953
A699466E27579500,38.888553,-77.032427,38.888774,-77.028694
C98CDF96CC2EA8FC,38.897808,-76.979634,38.889988,-76.995193
8FF5541837FA78B1,38.8792,-76.9953,38.8792,-76.9953
204953CE9BB5CEE9,38.892275,-77.013917,38.922581,-77.070334
30D4CBA79F6C02B2,38.90843,-77.02714,38.9055785,-77.027313
514D1DD7B06CAECA,38.90093,-77.018677,38.8904955,-77.0172465
48431302852CA585,38.95,-77.07,38.94,-77.06
55CD3E33C80F3EEA,38.905697,-77.005483,38.90240556584194,-77.01600551605225
61EF4A4EF967452B,38.9,-77.02,38.92881166666667,-77.03617583333333
30B815272E0EFF22,38.878854378063295,-77.00572729110718,38.888774,-77.028694
98D569B46927722D,38.95,-77.06,38.920638,-77.04351633333333
BF4E88A5148DB73F,38.900358,-77.012108,38.89608815884687,-76.99401140213013
BABA67169C7B87B4,38.8904955,-77.0172465,38.892441,-77.048947
7EF1A7DB0A414D3D,38.89696,-77.00493,38.8923,-77.0436
93D5D67A8CB9A881,38.890485166666664,-77.049455,38.89051716666667,-77.0809405
8468B494ED00ABB8,38.92,-77.03,38.928594,-77.03227283333334
A7818E08749D94CC,38.92,-77.02,38.927828,-77.04318183333334
172F37FDE624E04D,38.852248,-77.105022,38.852248,-77.105022
4038D193EFE49E5B,38.888255,-77.0494365,38.888255,-77.0494365
B02F65B5595DB331,38.90843,-77.02714,38.898243,-77.026235
032106DED9DCBBEE,38.901136451737045,-77.03445106744766,38.90042673988099,-76.98825001716614
63F40C399C73C7B0,38.923203,-77.047637,38.9154,-77.0446
6BA96234D35DC602,38.88627694506511,-77.02824175357819,38.879819,-77.037413
B31B698B8F0ADCD8,38.8743,-77.0057,38.889988,-76.995193
6FD20CF4488732B4,38.91,-77.02,38.91085433333333,-77.031859
71E2D804C22D971B,38.878433,-77.03023,38.878433,-77.03023
DB08FCE7AEC7716B,38.876697,-77.0178975,38.905697,-77.005483
CB436A9B2D558DA4,38.896553,-77.06714,38.896553,-77.06714
F2E81B1E41284EBE,38.920729333333334,-77.04365216666666,38.912030333333334,-77.03864933333334
D8C20990CCB77073,38.9,-77.04,38.9,-77.04
E44191D8B4192E1A,38.90304,-77.019027,38.9155,-77.0222
4D81A3CAB5EDDBE3,38.886266,-77.022241,38.878693599396954,-77.02305436134338
445D33F3876CB861,38.975219,-77.016855,38.988101,-76.988422
C21D28628BC6D22A,38.90866783333333,-77.023108,38.9086385,-77.02310666666666
5C15ABD1F2EA1488,38.915604,-76.983683,38.886952,-76.996806
7C35839FBD877F14,38.888553,-77.032427,38.888553,-77.032427
DFD02E57A3D098FB,38.905126,-77.056887,38.905126,-77.056887
5952C57013719014,38.888097,-77.038325,38.888255,-77.0494365
A10014760FF36784,38.852929,-77.049723,38.88,-77.04
B0350CBB5DC27C6E,38.894972,-77.003135,38.871841,-77.00591
240320D64BCF2943,38.862753,-77.05428,38.88044,-77.025236
73D0215A0A4473C2,38.905126,-77.056887,38.897612,-77.080851
2CDD12646DE38EA5,38.88627694506511,-77.02824175357819,38.898364,-77.027869
407D8F37152A4910,38.88044,-77.025236,38.892244,-77.033234
71771B49AF675E46,38.916668666666666,-77.02946833333333,38.92854766666667,-77.03231116666667
F20BA368AFDEF59C,38.997033,-77.025608,38.942475355602845,-77.03267812728882
90C40745E6E72B20,38.886978,-77.013769,38.89646474748647,-77.0333808660507
17A5D3541CA95A68,38.90743366666667,-77.01532716666667,38.87,-76.98
910FBB3A4567C7B8,38.915544,-77.038252,38.90843,-77.02714
D66B9F73890AF1DD,38.9059,-77.0325,38.908643,-77.012365
DD263A811BDAF441,38.911268,-77.041829,38.90071062547463,-77.04644858837128
C9E0E30DAC443C92,38.87335,-76.9834,38.87335,-76.9834
98E87C0922DB4ACB,38.890539,-77.049383,38.894919,-77.046587
554652CB72114DD4,38.8885525,-77.032427,38.886978,-77.013769
3870E35CBD39CC5F,38.91260833333333,-76.97183833333334,38.907822,-76.99707083333334
BA4CC07EDE3F9AA0,38.884260087971725,-76.99473559856415,38.89222,-76.99602
84D3C62EC4768131,38.920387,-77.025672,38.9190185,-77.034449
0CE48BEF1B7A9B10,38.923389,-77.051833,38.908142,-77.038359
B2B234AE467780B2,38.90506687455313,-77.04177886247635,38.917761,-77.04062
F81C44F432248258,38.941663,-77.02506116666666,38.932036833333335,-77.03286366666667
0C7BB4555BAE2D2B,38.931991,-77.032956,38.9177645,-77.032096
3B87D3294594FBC7,38.893438,-77.076389,38.89386,-77.070862
36CB84EBC8C47B6E,38.90093,-77.018677,38.89968,-77.041539
B0C21AA2F95BAF53,38.890612,-77.084801,38.885801,-77.097745
029475D0C3E62F18,38.905697,-77.005483,38.905697,-77.005483
9E9B039D1C551682,38.92328116666667,-77.03515566666667,38.92302683333333,-77.04259133333333
FB180F1B22F2F587,38.92812111132096,-77.0237946510315,38.8885525,-77.032427
2A0027809050DBEC,38.887378,-77.001955,38.913761,-77.027025
96D9BEF3EED1EDAB,38.905303,-77.050264,38.90849,-77.063586
1E18CACC74301D8F,38.912659,-77.017669,38.910972,-77.00495
D040BC0B405F39C9,38.915417,-77.012289,38.915417,-77.012289
B44623A8C1311A49,38.93,-77.04,38.923366333333334,-77.03513883333333
7664CAC5EC01754A,38.9059,-77.0325,38.912648,-77.041834
6F2BDE023AB2BB8B,38.913046,-77.032008,38.917761,-77.04062
715ABC75A770BC51,38.899983,-76.991383,38.902386,-77.005649
7D6A3B327DAFE157,38.9059,-77.0325,38.908905,-77.04478
75452F66849C9ACE,38.961763,-77.085998,38.977093,-77.094589
31CB94E5BE3C22B2,38.889988,-76.995193,38.887378,-77.001955
ED0E4367EE97A129,38.8743,-77.0057,38.8743,-77.0057
5ABF3ABA994FC2D0,38.88412,-77.04657,38.896553,-77.06714
F8000EABD6676828,38.92812111132096,-77.0237946510315,38.92612422246211,-77.03542068600655
6736FA8B2D27A384,38.888097,-77.038325,38.88044,-77.025236
F6B12E3D36536301,38.917761,-77.04062,38.912644,-77.04564
E50336985C055D2C,38.900358,-77.012108,38.915544,-77.038252
FA6EFC436289A0C4,38.917630333333335,-77.01591683333334,38.9087345,-77.03227316666667
79AE150520F730F5,38.886978,-77.013769,38.8885525,-77.032427
963E9C4E31290607,38.918144166666664,-77.00470416666667,38.92067766666667,-76.99575083333333
A1FC4563A3A1D1A6,38.89626466666667,-77.04494666666666,38.9,-77.05
63A9ADC949FE1FEF,38.899972,-76.998347,38.897195,-76.983575
A42C12231A2CAC28,38.88523166666667,-77.00221533333334,38.90520133333333,-77.04159066666666
86B415DAAAC8FF8A,38.888255,-77.049437,38.888774,-77.028694
C7936B2F4391EFA6,38.865029,-77.039511,38.865029,-77.039511
25B1D264B694F64A,38.899613,-77.02280833333333,38.920122166666665,-77.02536966666666
6FB9A863A34736A1,38.896465,-77.033381,38.898409,-77.032278
7B5F475E182F44EF,38.907422333333336,-76.98677366666666,38.91,-76.99
A2704BF7C21902E3,38.918809,-77.041571,38.918809,-77.041571
5DE4C3968C9F4A1C,38.893028,-77.026013,38.913761,-77.027025
6F109A0994A31247,38.890539,-77.049383,38.888553,-77.032427
4C4571B2FCF695EE,38.961763,-77.085998,38.990639,-77.100239
219B2D80BCC3908E,38.90276,-77.03863,38.89824328774852,-77.02623546123505
E7E53129B5A29C82,38.88044,-77.025236,38.876697,-77.0178975
0921849DADFCA29C,38.888774,-77.028694,38.89830173667249,-77.04691261053085
949BAD7511722B9E,38.888774,-77.028694,38.890496,-77.017247
4E503EEB6030BE41,38.903584,-77.044789,38.902061,-77.038322
ACF67527A590839E,38.9,-76.99,38.9,-77.0
0D880C7D33B3CF8B,38.913046,-77.032008,38.903658,-77.031737
91697F83EEE0CB4F,38.923389,-77.051833,38.918809,-77.041571
7B268E2E1CF2850F,38.89728304853854,-77.02219069004059,38.920387,-77.025672
35F3ADECBA17B78E,38.893534,-77.04148683333334,38.881282,-77.01763433333333
F3A3CE92061DC9EE,38.892244,-77.033234,38.888097,-77.038325
1B94121BB7BDC260,38.916787,-77.028139,38.915417,-77.012289
3789AC8011CFB235,38.92,-77.05,38.92,-77.05
E751F195C5A2B35F,38.94,-77.02,38.93,-77.03
699AEC1E6DA4A923,38.907908,-76.99707,38.88732,-76.983569
981333AA828D9B4A,38.951443,-77.340377,38.957037,-77.359718
773ECAB4D7A48FAF,38.8803,-76.9862,38.90293157359119,-76.99840486049652
7A0EE656FE19FCA3,38.912644,-77.04564,38.90506687455313,-77.04177886247635
297DED686DAAC829,38.90980062655191,-77.03442692756653,38.8997,-77.023086
482CA1EE2B4512AB,38.8997,-77.023086,38.897283,-77.022191
38D51E496953DEA1,38.88044,-77.025236,38.884260087971725,-76.99473559856415
65CB4B8B517BD3FA,38.902674,-77.021392,38.90980062655191,-77.03442692756653
A083E3AC0FC6CCD9,38.92360466666667,-77.05006933333334,38.9128585,-77.01764783333333
C68D50AAB6A4E165,38.887312,-77.025762,38.8743,-77.0057
4EAA141EAB3EFA6E,38.90042673988099,-76.98825001716614,38.884260087971725,-76.99473559856415
52A6F7E5C1146C83,38.90038216666667,-77.0121825,38.9121505,-77.03843916666666
6CA8FEA85FEEF9B7,38.9059,-77.0325,38.899632,-77.031686
57D9C7B39E299EDF,38.892244,-77.033234,38.88637194054526,-77.01770067214966
F65E383C44BB1350,38.90513766666667,-77.05687983333333,38.91702333333333,-77.09573016666667
61B319424BE57CB5,38.907908,-76.99707,38.90293157359119,-76.99840486049652
61904EB344C2429D,38.888553,-77.032427,38.888553,-77.032427
7662A8740E585231,38.918809,-77.041571,38.903649,-77.034918
BAC08BB4C4D0EB63,38.934296,-77.0580005,38.922619,-77.07717766666667
2FD2DAA87A442017,38.88044,-77.025236,38.8885525,-77.032427
9A601271574B1D66,38.903741450919384,-77.04245209693909,38.905303,-77.050264
2FD2DEC5F7F324F7,38.882489,-76.990121,38.899408,-77.015289
FDAE190B30A48F56,38.910972,-77.00495,38.94796174822241,-77.02154964208603
00852238777E7E30,38.89003366666667,-77.0002605,38.899404,-77.02283116666666
57B203C6FDF18801,38.88993,-77.0713105,38.890554,-77.04939916666666
6A2319D6DAE9AAD4,38.90240556584194,-77.01600551605225,38.886978,-77.013769
CAC76653E4E83AAC,38.87,-77.01,38.88,-77.01
4610D5531548E240,38.932005333333336,-77.03872133333333,38.89,-77.0
5F17F3DBEFD7E0BF,38.8743,-77.0057,38.929464,-77.027822
174E2943C1B4827A,38.88412,-77.04657,38.897293,-77.05557
EFA3E128153EEEE5,38.975219,-77.016855,38.983627,-77.006311
2542499255EDEB21,38.947156,-77.065115,38.923389,-77.051833
2AAB4085C92001B1,38.878854378063295,-77.00572729110718,38.88345,-77.021741
CABEA58E8E554729,38.905126,-77.056887,38.90304,-77.019027
349A619703974D2D,38.892244,-77.033234,38.912652,-77.036278
22F0B3B80059A0A8,38.90864,-77.02277,38.9155,-77.0222
25846909964FECFA,38.90071062547463,-77.04644858837128,38.9177645,-77.032096
B84787B5731BAA60,38.805648,-77.05293,38.850688,-77.05152
001C820FD88F45B1,38.900283,-77.029822,38.905424,-77.034674
095ECEC31D1D938C,38.889,-77.0925,38.88786,-77.094875
55E9F121EC997FD9,38.936743,-77.0241495,38.89774716666667,-77.02209766666667
7D1E26FCB2AD73D6,38.888774,-77.028694,38.888774,-77.028694
54DB6AE7382CD9E3,38.884260087971725,-76.99473559856415,38.8803,-76.9862
F25940B62926F7E0,38.888255,-77.049437,38.888255,-77.049437
585AE6BAA881C951,38.90843,-77.02714,38.905697,-77.005483
6287B80C4E888091,38.902386,-77.005649,38.895914,-77.026064
B61F6A82C0F6A46B,38.895914,-77.026064,38.894573,-77.01994
F4AFA68CEF806059,38.8904955,-77.0172465,38.879819,-77.037413
10ADA47F910C0A3A,38.888255,-77.0494365,38.8904955,-77.0172465
9110BE66B12069B6,38.9059,-77.0325,38.897283,-77.022191
